mLL,ptLL,etmiss,mtw,lep1_pt,lep1_eta,lep1_E,lep1_phi,lep1_ch,lep1_ID,lep2_pt,lep2_eta,lep2_E,lep2_phi,lep2_ch,lep2_ID,lep3_pt,lep3_eta,lep3_E,lep3_phi,lep3_ch,lep3_ID,weight
84.6421,129.007,134.738,67.3359,84.9283,-0.762946,110.869,-3.09515,1,11,69.0115,-0.626213,82.9907,-1.93389,-1,11,31.1067,-0.370086,33.2613,2.79391,-1,11,0.677227
90.1959,20.2749,54.8276,79.9295,32.688,1.96562,118.975,-1.66338,1,13,25.244,1.87354,84.1238,0.205284,1,13,24.9039,-0.569429,29.052,2.51455,-1,13,1.17193
90.8109,54.6437,95.3019,149.468,63.3237,0.137688,63.9249,-2.71831,1,11,30.7967,-0.774049,40.4926,-1.28528,-1,11,27.2657,1.64839,73.4946,-0.594212,1,11,1.08581
91.7614,43.5629,47.9771,57.3076,57.2736,-0.570952,66.8652,2.66579,1,13,42.4921,-0.186248,43.2313,0.38081,-1,13,25.3978,-2.315,129.83,-0.53038,-1,13,1.00673
99.0003,94.4981,65.4745,72.1888,85.8229,0.485284,96.1285,0.0757745,-1,13,26.8841,-0.992805,41.2582,-1.31162,1,13,21.5764,1.28512,41.9845,-2.41162,1,11,0.750583
96.8714,67.4661,52.5598,82.8522,56.2056,0.569781,65.5788,-2.79882,1,13,41.6368,-0.603955,49.4642,1.58994,-1,11,21.3077,-1.57049,53.4497,-1.63067,-1,13,1.14994
101.036,153.37,98.7792,62.8482,154.688,-0.217932,158.376,-2.0946,-1,11,39.0902,0.860129,54.4639,1.98113,1,13,21.4055,0.66022,26.2426,-0.392927,1,11,0.573599
97.0734,170.172,87.307,225.792,146.606,-1.74766,433.612,-0.826697,-1,13,144.046,1.08079,236.69,3.00244,1,13,29.3043,2.39013,161.269,-2.76653,-1,13,0.894025
94.5092,63.5671,60.6336,83.2697,82.2932,-0.73761,105.713,-0.827175,1,11,41.0103,0.071026,41.1139,2.79386,-1,13,28.2993,-0.180365,28.7609,3.02441,-1,11,0.559021
92.2941,72.0208,77.8134,40.2811,70.2309,-0.0550144,70.3372,1.10788,-1,13,20.8717,1.65083,56.387,-0.524697,1,13,20.3596,-1.25236,38.5247,0.136356,1,13,0.555842
82.329,42.6672,128.461,58.1305,57.4187,-2.41044,322.365,-2.05275,1,11,25.3039,-0.471272,28.1665,-2.95754,-1,13,22.4792,-1.17965,40.0199,0.393255,-1,11,0.602581
100.872,8.30885,82.5847,92.887,54.3887,1.90019,185.92,-0.0629284,-1,13,46.2403,1.68411,128.855,3.11106,1,13,29.9298,2.46731,177.715,-2.51701,-1,11,0.955582
92.3727,52.3829,79.6922,64.9342,63.2808,0.505293,71.5327,-1.5579,1,13,45.151,0.320672,47.4925,-0.259135,-1,13,35.5359,1.30387,70.2721,2.55884,-1,13,0.539365
93.3204,12.9221,71.6739,70.712,42.2222,-0.291363,44.0272,-1.246,-1,13,40.3227,0.760052,52.5411,1.58457,1,13,23.2039,1.21102,42.4028,-2.70898,-1,13,0.864103
84.8022,31.1214,76.06,76.3444,45.6749,-0.466825,50.7429,0.029378,1,13,37.0657,0.387878,39.8893,2.42709,-1,13,23.4682,-1.39341,50.1846,-2.97636,-1,13,0.694625
83.6079,81.4195,55.2082,151.666,124.78,0.481355,139.517,2.02925,-1,11,90.1442,0.249712,92.9694,0.765322,1,13,23.6293,0.805446,31.7176,-1.3089,-1,13,1.1585
84.8865,49.0564,57.4908,121.107,66.6793,0.0289514,66.7073,-3.03652,1,11,54.2301,1.76645,163.259,-1.39052,-1,13,35.142,0.8731,49.4093,0.663016,1,13,0.591745
91.6555,130.708,88.8792,123.611,127.102,-0.45768,140.649,2.21296,-1,13,43.6319,-0.425682,47.6451,-1.87517,1,11,20.6352,-1.57909,52.173,-2.59559,1,13,1.66924
93.7989,80.4853,74.9782,47.4075,51.5731,1.12291,87.6517,-1.01981,1,11,48.5781,0.440191,53.3612,1.08549,-1,13,47.5778,-1.03703,75.538,2.24349,1,13,0.625328
97.9128,108.689,35.8914,30.9208,95.9426,1.77317,290.672,1.55827,-1,11,47.2738,0.967673,71.1891,-2.23874,1,11,24.4281,0.217603,25.0088,0.431046,1,11,1.10084
93.9718,91.462,50.2766,61.5512,103.72,-0.213478,106.093,0.958967,1,13,30.0747,0.839522,41.3103,-0.117693,-1,11,23.7965,-0.819769,32.2505,-3.11067,-1,13,0.684003
96.3135,81.3375,77.5542,92.3771,66.5099,1.40613,143.836,-2.15443,1,13,37.3402,0.0730314,37.44,-0.744982,-1,13,30.956,-0.78308,40.9424,-1.47462,-1,11,1.09621
100.997,17.2521,53.1463,71.8518,57.4757,0.446153,63.2917,-2.83143,-1,13,40.5799,1.05219,65.1933,0.237914,1,13,34.8753,0.415464,37.9287,2.10384,1,11,0.890538
90.3609,51.4182,83.7643,93.1412,75.5377,-0.772636,99.2286,-2.24115,-1,11,26.2181,-2.18608,118.147,-1.51604,1,11,25.9764,-1.27408,50.0708,0.590072,1,11,1.05104
100.265,54.6025,45.0839,62.4704,45.807,-0.562881,53.2573,2.97205,1,13,30.2519,0.673468,37.3757,-3.01035,1,11,22.8351,1.72511,66.1225,1.57503,-1,13,0.565663
84.5489,45.4235,73.034,83.368,67.3031,-0.73381,86.2517,-2.27381,1,13,30.744,-2.26287,149.334,1.06659,-1,13,27.0861,-1.13836,46.6149,1.36753,-1,13,1.13724
96.9308,58.9363,203,113.613,96.9497,-0.433646,106.209,-1.42079,1,11,74.5351,-1.28699,145.267,0.258302,-1,11,38.1947,-1.52428,91.8511,2.50025,1,11,1.13152
93.158,39.1757,65.353,62.2589,69.0511,-1.98401,255.812,-0.630742,1,11,44.5879,-1.17981,79.3912,-2.68755,-1,13,30.1434,-2.40457,168.26,2.61115,-1,11,0.634141
92.7978,31.0195,57.6445,66.6655,54.8027,0.100367,55.0789,-2.5937,-1,11,27.6237,1.36865,57.7957,0.934543,1,11,26.3849,0.0171191,26.3888,0.147999,-1,11,1.0806
100.11,21.9068,42.1887,81.2137,50.479,-1.91601,175.187,2.78467,-1,13,41.9337,-1.58356,106.46,1.07625,1,11,29.5354,-0.405551,31.9979,-0.523497,1,13,1.1369
90.6059,66.0127,112.538,101.974,87.7019,-1.2465,165.128,2.93397,-1,13,39.5019,1.25161,74.6985,-1.02215,1,11,23.4362,-1.5688,58.6983,0.126693,1,13,1.06182
96.2228,64.4783,75.7965,70.1672,89.0643,0.255448,91.9861,0.125588,-1,11,25.2374,0.648301,30.7293,-2.82289,1,11,22.1426,1.83836,71.3578,-0.673331,1,13,0.694947
96.3323,77.2381,77.4958,53.5102,91.1294,-1.02283,143.102,1.47559,-1,11,31.9911,-1.19535,57.7008,-0.70984,1,11,22.9552,0.862742,32.0414,-3.03795,1,11,1.06665
86.6323,104.836,58.7142,41.4279,112.292,0.192024,114.369,-2.26357,-1,13,30.3089,-2.45908,178.512,0.817243,1,13,23.3337,-0.00432437,23.3342,2.02326,1,13,1.06905
101.177,14.5225,113.568,34.218,53.887,2.295,270.114,-2.01285,-1,13,39.9621,1.44789,89.6984,1.03986,1,13,23.0688,2.38288,126.051,-1.17255,-1,11,0.645892
98.9648,20.9189,60.3886,122.536,62.5785,1.08968,103.556,-0.451158,-1,11,42.0707,0.0868498,42.2295,-0.535585,1,11,26.3362,-1.83964,84.9756,2.18886,-1,11,1.03793
85.3811,20.1589,41.5899,75.0769,53.7824,0.635011,64.9952,-2.17995,-1,11,34.6323,1.36367,72.1435,-2.2945,-1,13,33.6335,0.808824,45.248,0.976635,1,11,0
92.698,127.142,86.522,85.8576,89.8952,-0.0582036,90.0476,1.75577,1,11,59.296,-0.730304,75.824,0.627766,-1,11,29.353,-0.855945,40.7785,2.47169,1,13,0
89.0834,114.907,50.3678,62.788,90.8261,-0.43402,99.5158,2.65086,1,11,28.0507,1.07667,45.9415,2.03775,-1,11,22.2206,0.073368,22.2807,0.730559,1,13,1.18285
92.1284,35.5341,69.7296,82.3088,55.5624,0.742388,71.59,1.17296,-1,11,51.8173,1.89903,176.934,-1.50731,1,11,31.4307,0.66329,38.6019,2.37208,-1,11,0.982534
92.9337,46.0059,38.6286,40.8121,74.6527,-0.773908,98.1471,0.515831,1,13,28.8698,-0.903527,41.4779,-2.72326,-1,13,23.075,-0.506707,26.1013,1.62151,-1,11,0.463026
84.0888,58.2868,37.4341,58.8793,55.5431,0.121334,55.9526,1.38977,1,13,37.0984,-0.802149,49.6877,-3.06148,-1,13,27.6973,-1.60839,71.9439,-0.0233791,1,13,1.12398
96.0803,77.1918,60.2162,70.079,62.7385,-2.28117,310.25,-2.56252,1,13,47.6738,-1.31754,95.3956,-0.949861,-1,13,22.8329,-0.603025,27.1117,-3.09656,-1,11,1.66184
82.0296,24.1922,63.4541,42.3565,53.9149,1.00217,83.3326,-2.33296,-1,11,50.2873,0.673036,62.1132,-0.846858,1,11,30.7143,0.700321,38.5591,0.639972,1,11,1.0897
85.71,52.4698,81.2875,80.7178,63.7495,0.49779,71.8124,1.7489,-1,11,34.7196,0.921384,50.5297,-2.35887,1,11,25.7026,1.05041,41.235,3.05513,-1,11,0.312971
85.4034,68.0785,80.8152,50.0253,61.7326,-1.32441,124.265,-0.473287,-1,11,38.1831,-2.2042,175.134,1.23244,1,11,36.2802,-2.16922,160.826,-2.8877,1,13,1.13698
101.067,111.925,63.3819,69.6726,105.994,1.8474,344.531,0.379562,1,11,27.0209,0.601805,32.0634,-1.09292,-1,11,20.6224,1.19285,37.1186,1.84846,-1,13,1.23612
93.6171,92.6815,86.9472,94.929,66.499,0.25172,68.617,0.270599,-1,11,53.3661,-0.636168,64.5341,1.65436,1,11,26.954,1.69592,75.9437,-0.521318,1,11,1.17456
93.7364,81.4227,65.994,78.7924,95.628,0.0689227,95.8553,1.00844,1,11,33.5612,1.77443,101.799,2.7304,-1,11,20.8014,-0.863952,29.0597,-2.86948,-1,11,1.06259
94.7069,52.1386,43.717,85.8645,76.31,1.12453,129.863,2.46298,1,13,44.1321,-1.36951,92.4049,1.93239,-1,11,24.1715,2.02283,92.9633,-0.680666,-1,13,1.10872
98.3748,204.947,83.929,163.66,198.717,0.154977,201.108,-1.25574,1,11,87.169,0.634958,105.339,2.40717,-1,13,21.1258,-0.711029,26.6948,0.0661092,-1,11,1.12437
98.7886,57.6375,44.7884,48.0403,84.8637,-1.09617,141.163,1.73509,-1,11,35.0992,-1.30385,69.4076,-1.80918,1,13,29.0557,-1.30083,57.3073,-1.11535,1,11,1.41206
90.0376,77.5014,91.3308,124.788,97.9655,2.271,479.656,-2.36528,1,13,42.6701,1.84638,138.563,-0.806768,-1,13,20.4819,2.06754,82.254,0.739344,-1,13,1.13506
83.9299,98.4236,65.1221,96.684,102.619,1.49972,241.34,1.71479,-1,13,36.0784,1.3574,74.7435,-2.92609,1,11,21.7005,0.75974,28.2706,-0.155566,1,13,0.523356
87.7442,55.5515,48.2762,62.3997,76.7633,-1.90529,263.686,2.82332,-1,11,42.6892,-2.06382,170.821,2.21358,1,13,22.0649,-1.14823,38.2807,-0.554479,1,11,0.611752
91.9663,107.773,56.7483,41.3888,113.729,0.80879,152.998,1.62875,1,13,65.0243,1.44579,145.679,-1.9362,-1,13,20.9194,1.68418,58.2986,-2.70546,-1,13,0.813318
83.4511,127.984,47.5914,130.252,117.204,-0.0130193,117.214,-0.0902976,1,11,97.0325,-0.279982,100.861,-1.43243,-1,13,22.3828,-1.16175,39.2646,-1.24052,-1,11,1.60117
84.2192,28.9947,107.881,146.447,58.4277,-0.893163,83.3238,-1.06534,1,13,58.1929,-1.29139,113.847,-1.07986,-1,13,29.5871,-1.65347,80.1289,2.17585,1,13,0.155811
94.5535,105.368,55.8866,42.9636,77.3326,0.57789,90.6089,-0.495861,1,11,59.5582,0.051942,59.6385,0.903119,-1,11,21.8324,-0.262887,22.5912,-1.95254,1,11,0.499292
87.0941,158.734,71.0374,63.9257,156.12,0.663296,191.742,1.61884,-1,11,24.5556,0.852814,34.0396,-3.12225,1,11,22.652,-0.264315,23.4481,0.52861,1,13,1.45448
90.8097,51.9304,99.2875,81.1584,64.439,0.00146111,64.4391,-0.947927,1,11,58.0934,0.196211,59.2154,2.07694,-1,13,29.4873,-1.09452,48.9851,-2.16676,1,13,1.16136
87.7831,47.0155,36.5111,68.443,32.1429,1.56013,79.8683,-0.136424,1,13,29.9188,0.190704,30.4647,2.75688,1,13,27.9337,2.46879,166.105,-2.28133,-1,13,1.21432
99.6559,52.3104,96.9637,59.3708,65.7159,-2.04822,259.021,2.8742,-1,11,45.4878,-1.732,132.571,0.646402,1,11,23.018,-1.01757,35.9995,-2.0156,1,11,1.15647
82.0244,24.3834,40.7746,110.505,91.4094,-1.96404,332.197,-1.77126,-1,13,46.5918,0.135021,47.0172,0.517723,1,11,35.4751,-0.452717,39.1729,3.11897,-1,11,1.14376
93.762,85.5013,51.0562,79.3314,92.17,0.603053,109.444,-0.409978,-1,13,33.3575,0.128586,33.6337,2.80635,1,11,28.7531,-0.12771,28.9881,1.55009,1,13,0.66618
85.1789,94.1762,83.017,150.683,86.4259,0.40284,93.5339,-2.74657,1,13,73.9052,-0.486626,82.8298,0.284286,-1,11,39.2899,0.0970066,39.4751,-1.15457,-1,13,1.23172
91.2779,81.336,117.81,94.6784,66.362,0.260125,68.6199,-0.772011,1,11,26.7562,0.563846,31.1233,1.84186,-1,11,23.0965,2.11233,96.8713,0.219472,-1,11,0.541724
98.2662,103.498,51.6508,87.4106,112.118,-0.0112936,112.125,-1.69821,1,13,78.8716,-1.24581,148.415,0.757457,-1,11,20.6651,-1.05069,33.1607,2.49837,-1,13,0.330745
85.9695,47.2546,80.6359,97.5153,89.6795,1.55262,221.307,-1.61072,1,11,49.6511,-0.472097,55.2878,-0.78055,-1,13,41.4579,0.309505,43.4597,-2.84507,1,13,0.680624
90.6048,35.113,113.755,152.555,53.8686,0.325945,56.7555,-2.70335,1,11,52.2334,-1.4978,122.63,2.94994,-1,13,38.902,-0.295535,40.6132,1.14684,-1,11,0.701635
90.5689,78.6965,81.4259,80.0256,66.0703,1.11842,111.884,2.63113,-1,13,49.9048,0.589104,58.8179,0.959682,1,13,20.6737,0.664081,25.4023,0.428413,1,11,0
90.9598,96.5023,56.1747,62.4518,94.6466,-0.2342,97.2542,-2.66805,1,11,58.1679,-2.11278,244.076,0.714225,-1,13,30.3772,-1.03715,48.2334,-0.998297,-1,11,0.52266
90.689,99.8636,41.6192,111.517,105.941,1.1376,182.211,1.36719,-1,11,80.3085,-0.00578268,80.3099,-2.12499,1,13,22.5791,0.322385,23.7627,-0.580486,1,11,1.176
91.6122,45.2161,73.7497,50.7334,52.0587,-0.895336,74.3562,-2.42322,1,13,38.3951,0.122408,38.6833,-0.287595,-1,13,28.6243,-1.62925,75.7989,-0.0645156,-1,13,1.14749
95.9644,85.5008,38.2976,37.4223,106.726,-1.54821,262.314,1.42027,-1,11,79.3052,-1.7837,242.668,-2.04168,1,13,21.2641,-1.30212,41.9863,-1.77553,1,11,1.13522
97.4377,92.2203,117.259,77.5482,100.055,-0.140524,101.045,-0.571627,-1,11,96.2902,-0.536886,110.504,-3.11719,-1,13,30.5594,-0.68769,38.0748,1.40966,1,11,1.17643
99.8146,98.8841,86.2543,94.2669,71.5539,0.404411,77.4854,-0.979497,1,13,33.3157,1.61877,87.3711,0.993213,-1,11,30.3932,2.21847,141.36,-1.51782,-1,13,1.13555
89.967,41.2968,53.155,67.2444,62.9011,-0.975712,95.2946,-0.891844,-1,11,57.3201,1.91253,198.267,-1.77063,1,11,21.6963,0.322718,22.8359,2.32433,1,11,1.10761
92.5025,88.442,116.37,101.355,95.5764,-0.927167,139.686,-0.651506,1,11,35.4323,-2.03964,138.503,-2.91358,-1,11,26.3677,-1.6827,73.3805,1.32908,-1,11,0.801063
81.7503,76.0544,55.801,86.5744,61.4528,2.38439,336.289,-2.24699,-1,11,57.9094,-0.180111,58.8513,-0.0251375,1,13,22.2241,1.69859,62.774,-0.744108,-1,13,0.483429
82.1314,80.0611,111.064,115.233,114.043,0.89095,162.38,-1.44134,1,13,72.0033,-0.932341,105.632,1.28217,-1,13,27.0875,0.296717,28.2889,-0.162272,1,13,0.373158
85.8726,136.451,63.7841,44.6299,106.085,-0.814878,143.299,2.56084,-1,13,53.5579,-1.11254,90.2667,1.39687,1,13,25.0526,-0.43267,27.4344,-0.877455,1,11,1.11101
93.3226,38.8666,101.459,101.042,50.0516,0.294407,52.2365,-0.340877,-1,11,25.6071,-1.51605,61.1217,-3.07116,1,13,20.8721,1.31835,41.7947,-1.90338,-1,13,0.887456
98.4582,156.367,169.044,45.9739,154.722,-0.0277389,154.781,-0.184152,1,11,147.612,-0.414791,160.494,0.67053,-1,11,28.9968,0.393737,31.2736,-0.68598,1,11,0.635517
94.0556,14.3523,42.5794,78.2302,36.8565,0.596882,43.6191,-2.95081,1,11,34.9895,-0.495844,39.3796,-2.88519,-1,11,20.8323,1.81119,65.4259,0.343803,1,11,0.964861
99.8369,64.129,33.963,81.7098,55.6009,-0.524095,63.4134,-1.58628,-1,11,49.1507,-2.082,200.171,-1.39221,1,13,36.5187,-2.0358,142.221,3.04906,1,11,0.835554
87.4785,22.5729,56.6265,57.3991,54.6967,1.10109,91.3425,0.120077,1,11,35.0391,0.862648,48.9054,-2.76738,-1,11,25.4499,2.48299,153.469,-2.24504,-1,13,0.00264981
91.8076,38.7724,51.4965,61.6396,44.9085,-1.94271,159.896,-2.61772,1,13,38.8018,-0.72405,49.425,1.47674,-1,13,24.7041,-0.918374,35.8753,0.966287,-1,13,0.437529
87.4924,40.4851,57.0111,109.63,76.0554,-0.344701,80.6188,0.384641,-1,13,65.9515,1.27245,126.947,2.0263,1,13,28.4853,0.828957,38.8461,-0.759485,-1,13,1.20835
90.9626,79.5597,43.1337,85.3105,98.7638,0.970903,149.087,-0.627867,-1,11,49.3593,0.177922,50.1428,2.25001,1,13,22.0568,1.02482,34.6895,2.05741,1,11,1.18865
93.4548,62.8285,83.8033,141.928,62.6564,0.550815,72.4042,0.392714,-1,13,60.3392,0.430716,66.0232,1.01828,1,11,45.2502,1.14683,78.4152,2.32887,1,13,0.71857
94.3491,54.3015,97.3602,100.003,76.4679,1.40075,164.585,-2.32553,-1,13,30.9887,1.04479,49.4979,0.196716,1,13,28.2243,1.2155,51.771,-2.7789,-1,13,0.497784
94.1289,51.548,118.911,96.5426,61.2593,-0.485963,68.6364,3.0297,-1,13,30.3822,0.731937,38.8906,0.885749,1,13,25.1299,-1.44373,56.1967,-3.00867,1,13,1.6866
81.424,281.902,80.9155,63.3057,260.652,1.16741,459.377,-1.01365,1,13,28.8708,1.71053,82.465,-1.79403,-1,13,27.9188,0.244605,28.7582,1.44751,-1,11,1.13576
88.7368,230.759,106.863,74.3111,220.296,1.63914,588.726,-2.27738,1,13,126.343,0.84203,173.842,0.613201,-1,11,20.306,2.46579,120.391,-1.20889,-1,13,0.737971
85.1305,53.8541,96.3318,96.7961,68.3723,1.02372,107.439,-3.03462,-1,13,30.972,1.38417,65.6923,0.976115,1,13,28.5054,-0.252294,29.4176,0.721774,1,13,0.999421
85.4627,116.383,94.3142,82.1753,88.2154,-0.760299,114.964,-1.01907,-1,13,34.3834,0.532722,39.3789,-0.3041,1,13,21.8519,-0.11483,21.9961,-2.66879,-1,11,0.380648
99.228,61.5631,67.156,152.018,86.6009,-0.93423,127.223,1.86207,1,11,49.4732,-2.07203,199.547,-1.69011,-1,13,36.7124,-0.418239,39.9705,-0.11783,1,13,1.18623
87.0808,33.301,31.6337,87.6608,108.633,-0.396763,117.296,0.1133,1,13,53.4263,-1.81043,167.67,-0.240742,-1,13,20.2803,-0.241879,20.8767,2.80334,1,13,1.16263
83.6712,91.6031,90.9601,87.1212,75.9731,0.46523,84.3443,1.55283,-1,11,43.8202,1.01753,68.531,3.01845,1,11,22.6545,2.22509,106.05,-2.58248,1,13,1.19612
96.2204,107.744,85.9799,84.0585,118.025,-1.59429,302.61,-1.23633,-1,13,26.4129,-1.55594,65.3789,2.97061,1,13,20.9429,-0.141505,21.1529,-1.4624,1,11,0.728496
95.1379,104.221,31.9894,54.793,73.3173,-0.329755,77.3398,-2.34191,-1,13,55.5718,0.54242,63.9495,2.66923,1,13,26.397,0.572308,30.8393,1.21578,1,11,0.00272405
87.5399,50.5888,38.2692,44.5551,74.1515,-0.912134,107.197,-3.00963,1,13,27.4412,-0.343739,29.0786,0.493674,1,13,25.6862,-1.27591,49.5891,-0.201901,-1,13,0.636419
100.225,87.4694,80.1472,79.5876,104.568,1.38247,221.457,0.584726,-1,13,36.6323,0.357197,38.9943,-3.10003,1,13,28.458,1.38803,60.566,2.91394,1,13,0
95.3946,86.3773,76.8701,93.2183,63.6637,1.36676,132.98,-2.86975,1,11,41.0796,0.30753,43.0375,1.23698,1,11,37.3931,-0.124281,37.6822,2.27841,-1,11,0.635028
87.7048,26.5148,49.1677,78.3298,54.061,0.444023,59.4783,-0.522705,1,11,34.2331,-0.954176,51.0356,-1.06756,-1,11,31.0748,-0.360435,33.1152,2.94275,-1,11,1.08967
91.8936,42.0869,83.7147,145.364,64.294,1.17949,114.448,0.0205516,1,13,34.8389,0.475065,38.8447,1.07505,-1,11,20.1174,-2.02511,77.5415,2.53658,1,11,1.07174
91.6876,40.6605,105.912,107.712,60.43,1.81263,190.046,-3.00277,1,11,37.5327,1.36449,78.2413,0.859872,-1,11,29.9679,-1.55775,74.3019,-2.10845,-1,11,0.160775
83.3262,93.2271,89.7843,113.383,74.4936,-0.648745,90.7273,2.16621,1,13,36.7554,1.09741,61.2001,-1.35238,-1,11,20.116,-2.48952,122.088,1.74686,-1,13,0.568009
95.3366,69.1952,90.1161,73.9042,93.3999,-0.815558,126.222,0.536965,1,13,27.1803,-0.613555,32.4588,2.3803,-1,11,24.3215,-0.725038,30.9993,-2.68894,-1,13,1.03791
86.7833,77.5762,57.489,75.9014,41.1388,-0.0847618,41.2868,0.271881,1,13,40.8455,1.68913,114.357,0.930708,-1,13,25.302,0.709424,31.9406,-0.832261,1,11,1.20857
87.3212,59.5513,44.0315,71.573,109.192,0.105075,109.795,2.85377,1,11,79.6296,1.76735,239.927,-0.25401,-1,13,22.7642,1.16115,39.9142,2.46922,1,13,0.677192
89.8791,61.0103,92.8353,73.8377,58.6536,0.867743,82.157,-2.533,1,13,43.6614,0.161296,44.2307,-0.639499,-1,13,31.8331,1.91765,110.651,3.00706,-1,11,0.515373
94.2676,35.3826,124.241,96.5327,66.4834,-0.258113,68.7104,-2.91858,-1,11,31.1628,-0.791495,41.4443,0.268999,1,11,24.182,-2.35388,128.422,1.24343,1,11,1.07934
97.9948,76.4678,44.6497,70.815,89.8285,2.00163,338.484,1.04174,-1,13,31.0988,1.53915,75.8061,-2.57419,1,11,23.0659,0.913515,33.3787,-1.25594,1,13,0.541446
95.4066,45.4,35.1365,54.1371,69.4133,0.296263,72.4819,2.65516,1,11,46.5959,0.793399,62.0472,2.0784,-1,11,31.2426,0.973088,47.2392,0.0477101,-1,11,0.563117
96.2986,82.8446,33.4083,44.0237,80.7523,-0.450257,89.0771,-2.74269,-1,13,44.7098,-0.120637,45.0357,-0.940398,1,13,41.388,-1.01964,64.8327,-0.594068,1,13,1.19186
86.196,126.962,33.7069,72.7683,100.605,0.638269,121.803,2.98667,1,11,43.18,-0.229262,44.3199,1.03835,-1,13,26.8878,2.13634,115.436,2.76264,-1,11,0.673851
95.0673,26.1343,78.8822,80.6033,58.6761,1.24469,110.308,1.25235,1,13,35.6627,0.628153,42.933,-2.16082,-1,13,26.6745,1.20413,48.4652,2.34558,1,11,0
90.3057,72.2183,133.934,52.0122,54.9537,-0.902451,78.8919,-0.0212316,-1,11,51.5829,0.195941,52.5764,-1.32908,1,13,22.1304,2.37518,120.013,-0.888354,-1,13,0.851466
84.277,84.6041,33.6828,43.2771,89.4389,1.77537,271.532,-2.39596,1,11,26.0177,1.15319,45.3218,-0.492823,-1,11,22.3764,0.21345,22.888,1.74053,-1,11,0.676479
83.9161,139.274,79.5968,88.8486,121.248,1.67917,336.32,-1.60423,1,11,27.6485,0.603315,32.8349,-2.54835,-1,11,25.7571,2.05533,102.224,3.02965,-1,13,1.18747
98.6951,37.7592,56.1257,75.1866,52.2737,-0.0367842,52.3091,-2.06711,-1,11,31.4357,1.60445,81.3577,1.96252,1,11,21.335,-1.06472,34.6145,0.378587,-1,11,1.06516
87.9939,77.7446,88.9415,100.6,77.6783,-0.929974,113.76,-0.297856,1,11,35.5208,-0.344504,37.6495,1.5017,-1,11,28.9001,-0.498879,32.5716,-0.277785,1,11,0.555885
84.9892,26.7922,87.3803,88.9013,40.2966,-0.17755,40.9334,2.61228,-1,11,29.281,-1.36212,60.9126,-1.858,1,11,20.2867,1.78014,61.8674,-1.163,1,11,1.01402
82.4808,154.718,82.9988,84.2336,153.478,0.166815,155.619,2.65129,-1,11,24.2117,0.679606,30.0215,-1.70933,1,11,20.4948,0.552678,23.7054,1.07448,1,11,1.07601
98.5847,110.052,80.9796,98.2906,90.5089,1.80258,281.942,-1.03092,1,13,31.0575,-0.767811,40.6709,1.29614,-1,11,22.0339,-0.0599571,22.0738,-0.497342,-1,13,1.06734
87.0645,63.642,90.6113,74.4284,71.4239,1.06423,115.835,2.16708,1,13,39.9828,0.833043,54.6771,-2.80868,-1,11,20.3827,2.43695,117.461,0.0684272,-1,13,1.00973
81.1805,32.083,52.0515,64.4375,58.839,0.268359,60.9704,2.8319,-1,11,33.5931,1.3984,72.1533,-0.720904,1,13,26.764,0.695509,33.5025,-0.291695,1,11,1.15457
82.9492,55.2365,41.7736,59.702,48.2087,-2.46868,286.638,2.23593,-1,13,36.38,0.179109,36.9651,-1.26802,-1,11,28.8841,-0.932016,42.3642,0.626602,1,13,0.672331
91.9685,26.4023,65.3404,80.7752,30.1298,-0.768641,39.4774,2.59131,-1,13,29.9176,1.31479,59.7232,0.360201,1,13,27.6833,-0.415132,30.1033,-1.68701,-1,13,0.626816
85.6619,49.4358,86.1566,83.9471,49.974,0.24948,51.5372,-3.02318,1,11,38.3152,1.01968,60.0214,2.06171,-1,11,29.3819,1.66801,80.6565,-1.13488,-1,11,0.163224
97.811,48.5777,68.3584,56.392,60.2772,0.0265412,60.2984,-0.387512,1,11,55.7509,0.302188,58.3159,-2.38225,-1,11,30.5724,1.34154,62.4651,-2.60074,-1,11,0.659607
99.8237,45.9552,93.9323,76.2473,71.6537,1.25244,135.593,1.4314,1,11,36.688,0.988646,56.1268,-2.56034,-1,13,32.0772,0.512602,36.3846,-2.20235,-1,11,0.570149
90.8779,47.8453,108.854,81.8842,69.6945,-0.867367,97.5965,2.7537,1,13,38.8122,-0.135683,39.1701,2.08978,-1,13,29.263,-1.46692,66.8146,0.186449,-1,13,0.872851
85.9478,24.5994,50.9043,115.792,72.8355,-0.271846,75.5434,1.23246,-1,13,47.5038,1.00944,73.8325,2.76748,1,11,25.1279,2.40264,139.997,-0.0772195,-1,11,0
94.0971,66.7924,84.8568,104.741,78.0187,-0.644163,94.7731,1.55749,1,13,34.3185,-1.14858,59.5563,-2.60392,-1,13,32.583,-2.14824,141.515,-1.73785,1,11,1.21116
94.4206,28.4317,66.408,73.6093,58.1768,-1.29161,113.836,1.7154,-1,13,46.934,-1.81563,148.023,0.0633691,1,13,38.4988,-1.69927,108.812,-0.989094,1,13,1.2417
94.2468,89.869,85.503,205.126,123.631,-0.680267,153.357,-0.820165,1,13,84.9887,0.0856201,85.3004,2.86957,1,11,29.1977,-1.10053,48.7377,-1.84299,-1,11,1.16594
95.9086,69.6988,45.0606,38.2226,77.6278,-0.0308663,77.6647,0.138064,-1,11,29.7658,-0.137478,30.0475,-2.02571,1,11,23.8524,1.29461,46.7936,-1.92097,1,11,1.09053
92.5757,88.4087,67.324,101.596,87.8468,-0.136055,88.6611,-0.742583,1,11,40.753,-1.7928,125.779,2.93578,-1,11,40.0721,-0.0550453,40.1328,-2.52906,-1,11,0.693575
90.392,27.4074,105.217,94.2636,41.7854,0.791978,55.5894,3.06333,-1,11,35.8015,-0.507475,40.5112,-0.784349,1,11,22.4798,1.31173,44.7569,2.2493,1,13,1.09095
92.3059,45.7274,49.7818,80.1394,72.8978,1.07639,119.366,-2.89146,-1,13,60.0503,-1.31109,119.492,2.8173,1,13,27.4381,1.59218,70.2136,0.139591,1,13,0.551245
83.682,115.433,93.7084,97.4457,81.3134,1.43952,181.155,-2.97233,1,13,61.194,1.34855,125.798,0.625582,1,11,52.1772,0.688489,65.04,2.22967,-1,13,1.20022
82.425,74.1696,92.0276,98.9588,60.1727,-0.103052,60.4926,-0.80514,1,13,49.9984,-0.331204,52.766,0.868791,-1,13,27.5502,0.423529,30.0583,-0.601144,1,11,1.17111
95.703,56.7592,72.6175,51.4732,78.3379,0.0694827,78.527,0.741496,-1,11,28.1109,-0.607793,33.4649,-2.97117,1,11,20.2454,-0.285826,21.0783,1.76075,1,13,0.868455
81.9837,22.2624,134.455,110.436,43.8042,0.151623,44.3087,-1.88374,1,11,41.0152,0.263761,42.4502,0.730685,-1,11,25.96,0.29588,27.1048,-0.311451,-1,13,0.685536
91.9894,64.2851,99.32,101.136,82.5437,-1.60853,214.434,2.16764,-1,13,28.3612,-2.16228,124.875,2.28079,1,13,22.4481,-0.717456,28.478,-1.51068,1,13,1.21465
83.3752,31.0552,125.78,44.5013,56.2,-1.07974,92.269,-1.20772,-1,13,40.6232,-1.08042,66.731,-2.90581,1,13,26.5355,-1.90356,91.0002,2.1724,1,13,1.46757
84.5308,57.6949,76.9791,82.6929,59.7762,-1.9159,207.431,2.68797,-1,13,39.8107,-0.893341,56.7813,1.58203,1,11,24.0367,-0.490295,26.9844,-1.73423,1,13,1.13237
86.2347,45.2745,42.1647,97.57,69.8438,-0.760434,91.0298,0.269533,-1,11,58.8672,-0.906127,84.7336,2.8668,-1,11,25.1578,-1.26715,48.2069,-2.69826,1,11,1.13716
89.3352,47.0905,79.3032,48.3733,71.6871,-0.379108,76.9008,2.63847,1,13,25.8925,-0.973989,39.1763,-0.758469,-1,13,25.2853,-1.12461,43.0329,1.08927,1,13,1.14681
89.2322,39.1346,143.963,154.238,50.3246,-0.989282,77.0255,0.420945,1,13,41.3601,-0.26761,42.85,-0.958297,-1,11,38.0153,-1.8976,129.628,2.68537,-1,13,0.582709
84.1517,101.459,56.3161,82.2565,90.7126,1.7497,268.814,-2.06296,1,13,37.809,2.24466,180.409,-0.584954,-1,13,36.2961,0.717772,46.0543,2.2843,-1,11,1.11607
83.6149,37.7993,152.78,73.359,50.8921,1.66741,139.627,-0.920059,1,13,30.6175,0.644838,37.207,3.0535,-1,13,26.1155,1.43152,57.7677,-0.588322,1,13,1.256
99.3177,36.276,110.762,70.6201,55.9584,0.0881215,56.1758,-2.85585,-1,11,28.8856,-1.35327,59.6266,-0.324247,1,11,21.2521,-1.33015,42.9937,-1.24364,1,13,1.09154
92.4685,277.343,30.1871,73.4623,265.712,1.04764,425.364,-2.36909,-1,11,146.947,0.550541,169.785,0.28199,1,11,26.2236,1.23419,48.8632,2.75907,1,11,0.640058
98.0594,105.821,105.626,224.24,144.456,0.618255,172.955,-1.62794,-1,11,109.242,1.59737,280.885,1.88939,1,11,29.8318,0.937305,43.924,0.0664969,-1,11,1.13816
95.8858,63.2196,46.5761,87.3045,82.8997,-0.338827,87.704,2.01724,1,11,41.8262,1.06581,67.9185,2.16302,-1,13,29.5807,0.125794,29.815,-1.8245,-1,11,0.00207229
96.4833,18.0759,80.1679,149.111,69.3512,2.20524,318.414,2.23706,-1,11,47.2004,1.1878,84.6009,-2.5159,1,11,29.7253,-0.299255,31.0663,0.502236,-1,11,0.664365
87.0901,12.706,53.1363,44.2756,36.1141,-0.0799143,36.2294,-0.088663,-1,11,28.2578,1.59584,72.5551,2.73904,1,11,21.1805,-1.44181,47.284,-2.28818,-1,13,0.990048
87.3241,25.1643,42.8113,65.6092,40.9308,2.02856,158.293,0.255669,-1,11,32.1493,0.944248,47.5786,-1.58955,1,11,25.5465,0.32567,26.9133,-2.25991,1,11,0.464829
92.3061,51.2502,37.327,41.2604,68.6441,0.389959,73.93,3.12868,-1,13,28.9059,-0.852513,40.0619,1.5496,1,13,20.2618,-1.01779,31.6943,-0.47013,1,13,0.189117
89.0471,159.635,60.2901,57.0581,140.968,0.0157918,140.986,-2.27048,-1,11,29.9972,0.973431,45.3677,-1.29056,1,11,24.7057,-0.440221,27.1385,-0.297355,1,11,1.09073
94.4388,84.3758,50.779,144.669,227.692,0.00204976,227.693,-0.431331,-1,11,100.044,-1.20346,181.668,-2.92378,1,13,20.41,-0.363131,21.7707,0.845209,-1,13,1.26255
85.8596,130.875,44.9336,102.026,112.462,-0.807479,151.162,-1.11816,1,11,60.9627,-2.28624,302.971,0.901975,-1,11,31.6614,-1.79071,97.5258,-0.057642,-1,11,1.08247
94.907,62.0972,152.038,115.171,48.4763,-0.659035,59.3902,2.33829,1,11,27.56,1.30964,54.7718,-2.65727,-1,11,22.622,0.608372,26.9393,2.46388,-1,13,0.35519
90.197,46.1019,63.207,83.6391,71.8555,-0.880095,101.527,-1.44089,1,13,54.1077,0.155478,54.763,-0.466958,-1,11,26.4208,-0.323908,27.8192,1.88029,-1,13,0
93.2835,67.9093,81.2123,191.831,134.752,0.137579,136.03,2.60195,1,11,50.973,-0.0191132,50.9823,-1.64045,-1,11,20.8119,2.24141,98.9904,-0.909932,1,11,1.18295
91.971,92.4653,46.8821,75.5154,102.646,1.80274,319.798,1.67263,-1,13,31.2794,-0.185299,31.8179,0.64329,1,11,26.2524,1.42285,57.6234,-2.52026,1,13,0.872566
81.5566,64.0838,79.4428,142.33,87.0794,-0.0891995,87.426,1.31599,1,11,68.3825,0.724714,87.14,-1.69049,-1,11,20.3929,-0.61029,24.31,2.66083,1,11,0.484232
96.4273,110.541,132.402,115.484,120.987,-1.45809,274.063,-2.32285,1,13,71.1749,-2.11957,300.631,1.46746,-1,11,21.9374,-0.827746,29.892,-0.174139,-1,13,1.04697
90.3393,59.0735,72.5703,116.534,75.3756,1.81147,236.788,2.77264,-1,13,46.8434,0.754341,60.8152,-2.2953,1,11,23.5042,0.823758,31.9404,-1.05384,1,13,1.12514
90.0697,77.8347,90.2643,94.8192,69.3681,1.63447,184.582,-0.423317,-1,11,49.6707,1.64693,133.705,-2.17222,1,11,32.7926,1.76387,98.4822,2.69678,1,13,1.12973
90.7861,55.7399,135.934,111.116,54.0642,0.444567,59.4954,-1.137,1,11,40.5434,-1.89683,138.147,-0.842833,-1,13,23.13,0.372756,24.7558,0.210267,1,13,1.16554
90.8443,166.108,118.213,40.7375,161.481,-0.907259,232.625,0.81066,-1,13,54.9876,1.31956,110.223,-2.50256,1,13,27.5348,-0.744977,35.5358,-0.674857,1,13,1.22659
88.7943,28.5249,55.0173,95.1359,56.6122,-0.998512,87.2583,-1.35185,1,11,40.9015,1.57411,102.942,1.81861,1,13,33.4377,0.169585,33.9199,-0.560178,-1,13,1.13281
81.9954,56.3374,62.9528,74.6539,33.6239,1.71326,96.2866,0.7479,-1,11,30.5427,-0.300929,31.9361,-0.251673,1,11,24.1278,2.14122,104.08,2.18997,1,13,1.40048
83.9937,79.7662,76.1,131.083,74.6898,0.845321,103.003,2.7971,1,11,58.9573,-0.557383,68.3552,-1.74816,-1,11,20.3271,-0.697404,25.474,-2.03774,-1,11,1.06539
95.8007,67.1776,87.3214,97.0662,61.1429,0.694633,76.497,2.41833,1,13,51.1214,0.613881,61.0602,0.498831,-1,11,25.5583,2.44859,148.984,0.886301,-1,13,0.571318
96.6073,35.5321,103.025,169.449,79.9824,-0.71489,101.306,-1.79337,-1,11,57.859,-2.46289,342.058,1.72579,1,13,22.7232,-0.870291,31.8858,-1.26973,-1,13,1.46824
82.5559,55.6769,69.4295,101.163,70.4377,0.191379,71.7316,3.10204,1,11,51.3191,-1.20207,93.0819,-0.101979,-1,11,28.4294,0.455663,31.4322,0.80159,-1,11,1.10059
